Ticker,Company_Name,Current_Price_ZAc,Annual_Volatility,50_Day_MA,Total_Return_1Y
FSR.JO,Firstrand Ltd,9881.0,0.2425,9671.44,0.264
SBK.JO,Standard Bank Group Ltd,32121.0,0.2231,32252.44,0.2902
CPI.JO,Capitec Bank Hldgs Ltd,485774.0,0.2066,467335.02,0.3211
ABG.JO,Absa Group Limited,22735.0,0.2414,22902.28,0.1932
NED.JO,Nedbank Group Ltd,29652.0,0.2276,27381.54,0.2636
SLM.JO,Sanlam Limited,8739.0,0.236,8777.42,-0.0047
DSY.JO,Discovery Ltd,25874.0,0.2297,26612.24,0.2194
INL.JO,Investec Ltd,14537.0,0.2266,13692.28,0.1266
INP.JO,Investec plc,14820.0,0.2241,13862.28,0.1535
OUT.JO,OUTsurance Group Limited,8128.0,0.2304,7886.04,0.0916
NPN.JO,Naspers Ltd -N-,79500.0,0.3579,84542.38,-0.3158
PRX.JO,Prosus N.V.,70813.0,0.3241,73800.38,-0.3472
DTC.JO,Datatec Ltd,8324.0,0.3092,8602.23,0.4546
AGL.JO,Anglo American plc,84061.0,0.3605,82409.32,0.6572
GFI.JO,Gold Fields Ltd,63898.0,0.565,57328.2,0.2044
ANG.JO,AngloGold Ashanti plc,153471.0,0.5582,136975.42,0.5761
SSW.JO,Sibanye Stillwater Ltd,4281.0,0.6461,3750.46,0.1376
IMP.JO,Impala Platinum Hlgs Ltd,20678.0,0.692,18710.28,0.234
BHG.JO,BHP Group Limited,70277.0,0.2793,69388.32,0.4894
SOL.JO,Sasol Limited,18681.0,0.6413,18581.64,0.9023
ARI.JO,African Rainbow Min Ltd,17656.0,0.4542,17609.36,-0.0528
KIO.JO,Kumba Iron Ore Ltd,24457.0,0.3183,27732.46,-0.1831
EXX.JO,Exxaro Resources Ltd,18065.0,0.2793,20335.16,0.0994
DRD.JO,DRD Gold Ltd,3927.0,0.5643,3627.4,0.4917
MRF.JO,Merafe Resources Ltd,141.0,0.3205,130.22,0.3069
HAR.JO,Harmony GM Co Ltd,31200.0,0.6247,26526.46,0.1513
SHP.JO,Shoprite Holdings Ltd,30853.0,0.2117,28855.68,0.1448
WHL.JO,Woolworths Holdings Ltd,4606.0,0.2748,4879.22,-0.0906
PIK.JO,Pick n Pay Stores Ltd,1921.0,0.3843,1966.7,-0.2805
MRP.JO,Mr Price Group Ltd,18030.0,0.3488,17358.23,-0.139
BID.JO,BID Corporation Ltd,43417.0,0.1823,43509.16,-0.0631
SPP.JO,The Spar Group Ltd,4439.0,0.3827,4820.92,-0.5887
TFG.JO,The Foschini Group Limited,5843.0,0.392,5900.44,-0.4588
TRU.JO,Truworths Int Ltd,5494.0,0.3015,5450.84,-0.1687
CSB.JO,Cashbuild Ltd,12401.0,0.3598,11813.26,-0.1851
VOD.JO,Vodacom Group Ltd,14920.0,0.2261,15256.69,0.033
MTN.JO,MTN Group Ltd,19391.0,0.3537,22014.46,0.1232
TKG.JO,Telkom SA SOC Ltd,5525.0,0.3818,5671.45,0.0135
BLU.JO,Blu Label Unlimited,825.0,0.4291,826.72,-0.4961
APN.JO,Aspen Pharmacare Hldgs Ltd,14250.0,0.3965,14969.18,0.2725
NTC.JO,Netcare Limited,1845.0,0.2268,1816.55,0.33
LHC.JO,Life Healthc Grp Hldgs Ltd,1156.0,0.3269,1074.14,-0.1574
BVT.JO,Bidvest Ltd,24618.0,0.2215,24056.82,0.0448
AVI.JO,AVI Ltd,9002.0,0.1915,9493.68,-0.0469
SNT.JO,Santam Limited,41016.0,0.1973,39480.06,-0.0515
OMU.JO,Old Mutual Limited,1314.0,0.2383,1324.04,0.0394
KAP.JO,KAP Limited,267.0,0.5181,272.38,0.5706
SAP.JO,Sappi Ltd,1405.0,0.5826,1125.96,-0.5068
TSG.JO,Tsogo Sun Limited,733.0,0.3464,762.6,0.0898
GRT.JO,Growthpoint Prop Ltd,1730.0,0.2083,1727.22,0.1722
RDF.JO,Redefine Properties Ltd,639.0,0.2375,632.4,0.2972
RES.JO,Resilient REIT Limited,8094.0,0.1777,8188.52,0.2388
EQU.JO,Equites Prop Fund Ltd,1769.0,0.1898,1752.4,0.0842
LTE.JO,Lighthouse Properties plc,824.0,0.1598,785.26,-0.0096
SAC.JO,SA Corp Real Estate Ltd,347.0,0.2567,356.72,0.1059
